DESTINATION,NAME,DESCRIPTION,LOCATION (Google Maps Link),SM/REFERENCE LINKS,Type,tags,Category,price_level,Area
Riyadh,Aseeb Najd,"Aseeb Najd is a restaurant offering authentic Najdi cuisine, showcasing traditional flavors from the heart of Saudi Arabia.",https://maps.app.goo.gl/TVyhLZ2TiBmWM5Cd7,https://www.instagram.com/aseeb.najd,Restaurant,"najdi, traditional, local-flavors, saudi-cuisine, heritage, kabsa, jareesh, family-friendly, quiet",Saudi,Mid-range,"Alyasmin, Riyadh "
Riyadh,Somewhere,Somewhere is a contemporary restaurant offering a fusion of global flavors in a stylish and modern setting.,https://maps.app.goo.gl/DfSyu5QE3zbWMati7,https://www.instagram.com/somewhere?igsh=MTJ2d3EyaGx4MjQwaA%3D%3D,Restaurant and Cafe,"fusion, international, modern-dining, trendy, groups, lively",Aragic,Mid-range," Al Bujairi, Diriyah"
Riyadh ,AL MAMLAKA Social Dining,AL MAMLAKA Social Dining is a premium restaurant offering a luxurious dining experience with diverse international and Saudi cuisine.,https://maps.app.goo.gl/o692nSRv7revvG1H9,https://www.instagram.com/almamlakasocialdining?igsh=MzRlODBiNWFlZA==,Restaurant and Cafe,"international, luxury, premium, crowd","Italian,Lebanese,Japanese,Burgers,Steaks",Expensive,"Kingdom Centre, Olaya St, Al Olaya, Riyadh "
Riyadh ,Takya,Takya fuses Saudi cuisine with international ingredients for a delightful fusion journey.,https://maps.app.goo.gl/ZavDH2JputLKUcbv8,https://www.instagram.com/takya_sa?igsh=bml3cXRseTkwZnE3,Restaurant,"modern-saudi,  family, groups, mathlutha, balilla, margog",Saudi,Mid-range," King Faisal Rd, Al Bujairi, Riyadh "
Riyadh ,Maiz,"Maiz offers authentic Saudi cuisine with a fine-dining twist, elegantly featuring regional dishes with upscale presentation.",https://maps.app.goo.gl/avQuoSsZtoRehE6U7,https://www.instagram.com/maizriyadh/,Restaurant,"kubeba, kabsa, traditional, al-bujairi, upscale, quiet",Saudi,Expensive,"Al Bujairi, Diriyah "
Riyadh,Kuuru,"Blending Peruvian and Japanese cuisines, the chefs at this restaurant create Nikkei dishes, delivering a multisensory culinary experience.",https://maps.app.goo.gl/kauJyfy78JomnXaN9,https://www.instagram.com/kuuruksa?igsh=MzRlODBiNWFlZA==,Restaurant,"fine-dining, quiet, family, sushi, shrimp, tempura",Japanese,Expensive," Al Aqiq, Riyadh "
Riyadh ,Sushisamba,"This tri-culture spot blends Japanese, Brazilian, and Peruvian cuisines with options for vegetarian, vegan, and gluten-conscious diners.",https://maps.app.goo.gl/dK3Acq7Rxwpoizey8,https://www.instagram.com/sushisamba.riyadh/?hl=en,Restaurant,"sushi, celebration, groups, salmon","Japanese, brazilian",Expensive,"Al Aqiq, Riyadh "
Riyadh ,Spago,Wolfgang Puck's Spago is an American fusion restaurant that highlights Californian flavors with seasonal dishes crafted by the celebrity chef himself.,https://maps.app.goo.gl/tu98GrnFZHnNFpLD8,https://www.instagram.com/spago.sa/,Restaurant,"california-cuisine, lively, seasonal",American,Expensive, Riyadh
Riyadh,Zuma,"Famous Japanese restaurant Zuma brings sushi, sashimi, and authentic dishes to Riyadh.",https://maps.app.goo.gl/bsqM1EHZNWfhwuyAA,https://www.instagram.com/zumariyadhofficial/?hl=en,Restaurant,"sushi , fine-dining, sashimi, business-meetings",Japanese,Expensive,"Metro Blvd, Al Aqiq, Riyadh "
Riyadh ,Najd Village,"Najd Village in Riyadh offers an authentic Saudi dining experience, serving traditional dishes like kabsa, margoog, and jareesh in a cozy, heritage-inspired setting.",https://maps.app.goo.gl/92CcDeZJevRr7sW88,https://www.instagram.com/najdvillagesa?utm_source=ig_web_button_share_sheet&igsh=ZDNlZDc0MzIxNw==,Restaurant,"najdi, traditional, local-flavors, saudi-cuisine, heritage, kabsa, jareesh, family-friendly, busy",Saudi,Mid-range,"Abi Bakr As Siddiq Rd, King Salman Neighborhood, Riyadh "
Riyadh ,Suhail Restaurant,Suhail Restaurant in Riyadh offers a modern take on traditional Saudi cuisine in an elegant and welcoming setting. Known for its rich flavors and beautifully presented dishes.,https://maps.app.goo.gl/pw6Fom7VnHCR8B7E6,https://www.instagram.com/suhail_saudi?utm_source=ig_web_button_share_sheet&igsh=ZDNlZDc0MzIxNw==,Restaurant,"traditional, qursan, family, quiet",Saudi,Mid-range,"Northern Ring Br Rd, An Nakheel, Riyadh "
Riyadh ,FI Glbak,"Fi Glbak, located in Riyadh, offers a modern take on traditional Saudi cuisine. Renowned for its innovative dishes crafted with authentic flavors, this restaurant provides a warm and inviting atmosphere for a unique dining experience that celebrates Saudi heritage.",https://maps.app.goo.gl/bRqJNr7epEAKWqf46,https://www.instagram.com/figlbak?utm_source=ig_web_button_share_sheet&igsh=ZDNlZDc0MzIxNw==,Restaurant,"groups, samosas, kunafah, cozy",Saudi,Mid-range,"Northern Ring Br Rd, An Nakheel, Riyadh "
Riyadh ,Myazu,"Myazu brings the art of Japanese fine dining to life with luxurious sushi, seafood, wagyu dishes, and handcrafted mocktails.",https://maps.app.goo.gl/F5AxTzvQgjMZtwQM8,https://www.instagram.com/myazusaudi?igsh=MzRlODBiNWFlZA==,Restaurant and Cafe,"seafood, fine-dining, wagyu, sushi, trendy",Japanese,Expensive,"Musad Bin Jalawi, As Sulimaniyah, Riyadh "
Riyadh ,Tofereya,"Tofareya offers authentic Saudi home-cooked meals prepared with fresh, locally sourced ingredients.",https://maps.app.goo.gl/NgFrbV19irPpe3Nw7,https://www.instagram.com/tofareya/?hl=en,Restaurant,"family-friendly, traditional, home-style, quiet",Saudi,Mid-range," Al Malqa, Riyadh "
Riyadh ,Tameesa,"A modern Saudi eatery blending traditional flavors with contemporary design, offering hearty breakfasts and dinners.",https://maps.app.goo.gl/FtAcg3TeS5qu81cH8,https://www.instagram.com/tameesa_sa/?hl=en,Restaurant and Cafe,"arabic-breakfast, flafel, mutabbaq, family-frendly, areeka",Saudi,Cheap,"King Abdul Aziz Branch Rd, Alyasmin, Riyadh "
Riyadh ,Thara,"Celebrates Saudi heritage with dishes like makhboos and jareesh, in a setting that blends tradition with modernity.",https://maps.app.goo.gl/D7tEKgrVR4wHBqow6,https://www.instagram.com/thara_saudi/?hl=en,Restaurant,"modern, najdi, traditional, machboos, jareesh, dates, quiet",Saudi,Mid-range,"Abi Bakr As Siddiq Branch Rd, An Narjis, Riyadh "
Riyadh ,300F Smokehouse,"Slow-cooked, high-quality meats served in a refined ambiance, ideal for steak and BBQ enthusiasts.",https://maps.app.goo.gl/ipcJ3GGmEDmmKNfK9,https://www.instagram.com/300f.ksa/?api=1,Restaurant,"smoked-meat, steak, grill, groups",BBQ,Mid-range,"Al Malqa، Riyadh "
Riyadh ,7 Ribs,"Smoked meats and BBQ plates served generously in a cozy, inviting setting.",https://maps.app.goo.gl/GRtfGA6k2nBkJ1is7,https://www.instagram.com/7ribs/?hl=en,Restaurant,"casual, ribs, groups, bbq",BBQ,Mid-range,"Anas Ibn Malik Rd, Al Malqa, Riyadh "
Riyadh ,Al Orjouan,Ritz-Carlton's signature buffet with international and Middle Eastern dishes in an elegant setting.,https://maps.app.goo.gl/2Fq6HjEr4YkxuR2p7,https://www.instagram.com/alorjouan.restaurant/,Restaurant and Cafe,"middel-eastern, luxury, hotel-dining, family-friendly",Buffet,Expensive,"Al Hada Area، Al Hada, Riyadh "
Riyadh ,Asador de Aranda,Authentic Spanish restaurant offering traditional wood-fired roasts in upscale Laysen Valley.,https://maps.app.goo.gl/uef7stfVcUaJwbMF6,https://www.instagram.com/asadordearanda.riyadh/,Restaurant,"wood-fried, grilled-meat, quite",Spanish,Expensive,"Laysen Valley, King Khalid Rd, Umm Al Hamam Al Gharbi, Riyadh "
Riyadh ,Bagatelle,"Mediterranean dining with French Riviera flair, set in a vibrant, upscale ambiance.",https://maps.app.goo.gl/d1RHAgtuqSYez24S8,https://www.instagram.com/bagatelleriyadh/?hl=en,Restaurant and Cafe,"celebrations, busy, trendy, groups",French,Expensive," Wadi Al Amariyah, Umm Al Hamam Al Gharbi, Riyadh "
Riyadh ,Beefbar,Premium steakhouse from Monaco with Wagyu and Kobe beef in an Art Deco setting.,https://maps.app.goo.gl/kgvTbQxjaHV7E9497,https://www.instagram.com/beefbar_riyadh?igsh=MzRlODBiNWFlZA==,Restaurant,"steak, wagyu, luxury, fine-dining, business-meetings",Steakhouse,Expensive,"Prince Abdulaziz Ibn Musaid Ibn Jalawi St,Riyadh "
Riyadh ,Birdlot,Fried chicken specialties like strips and sliders in a retro diner-style space.,"https://www.google.com/maps/place/birdlot/@24.7377771,46.6427427,791m/data=!3m1!1e3!4m6!3m5!1s0x3e2ee3569ff995e9:0xdc030daa2453589a!8m2!3d24.7377771!4d46.6427427!16s%2Fg%2F11qbh_d69t?entry=ttu&g_ep=EgoyMDI1MDExNS4wIKXMDSoASAFQAw%3D%3D",https://www.instagram.com/birdlot.sa/,Restaurant,"fried-chicken, street-food, groups, busy",American,Cheap,"Al Shariqah, Al Mohammadiyyah, Riyadh "
Riyadh ,Black Tap,"NYC craft burgers and CrazyShake milkshakes in a lively, graffiti-filled setting.",https://maps.app.goo.gl/kPJcwLqXG5GCRatJ7,https://www.instagram.com/blacktapksa,Restaurant and Cafe,"burgers, milkshakes, casual, groups",American,Mid-range,"Al Aqiq, Riyadh "
Riyadh ,Blanca ,Award-winning pizzeria with creative options like shrimp or pumpkin toppings in a Mediterranean vibe.,https://maps.app.goo.gl/mwrKtrmjZ68BCwNRA,https://www.instagram.com/blanca_forno?utm_source=ig_web_button_share_sheet&igsh=ZDNlZDc0MzIxNw==,Restaurant,"pizza, casual, family-friendly",Italian,Mid-range,"Prince Abdulaziz Ibn Musaid Ibn Jalawi St, As Sulimaniyah, Riyadh "
Riyadh ,Bread Ahead,London-based bakery famous for fresh breads and signature doughnuts now in Riyadh.,https://maps.app.goo.gl/X4C53AMzEVi8kCZB8,https://www.instagram.com/breadaheadksa/?hl=en,Restaurant and Cafe,"doughnuts, desserts, busy, pastries",Bakery,Cheap,"Prince Mohammed bin Saad bin Abdulaziz, Hittin, Riyadh "
Riyadh ,Brew92,Specialty coffee shop and roastery offering global beans brewed with artisanal techniques.,https://maps.app.goo.gl/BTkwPtsGUcBZUeERA,https://www.instagram.com/brew92cafe/?hl=en,Cafe,"roastery, quiet, business-meetings",Cafe,Cheap,"Uthman Ibn Affan Rd, Hai، Riyadh "
Riyadh ,Cafe de L’Esplanade,Parisian brasserie with elegant French dishes in Diriyah Bujairi Terrace.,https://maps.app.goo.gl/bVddesVKHj13kRL57,https://www.instagram.com/cafedelesplanadesa/,Restaurant and Cafe,"cafe, european,quiet",French,Expensive,Diriyah 
Riyadh ,Chestnut Bakery,"Internationally inspired bakery with sweet and savory delights in a cozy, sunlit space.",https://maps.app.goo.gl/kRheToAhfU3g5M6j9,https://www.instagram.com/chestnut.sa/?hl=en,Restaurant and Cafe,"breakfast, pastries, cozy, elegant, cafe",Bakery,Cheap,"Safarjal, Riyadh ,Al Mohammadiyyah"
Riyadh ,Chorisia Lounge,"Elegant lobby lounge with afternoon tea, snacks, and soft music in a serene atmosphere.","https://www.google.com/maps/place/CHORISIA/@24.6654042,46.6303935,791m/data=!3m1!1e3!4m6!3m5!1s0x3e2f1dac6b514669:0xff06d91ce54c1679!8m2!3d24.6654042!4d46.6303935!16s%2Fg%2F11fjzbtytv!5m1!1e1?entry=ttu&g_ep=EgoyMDI1MDEyMC4wIKXMDSoASAFQAw%3D%3D",https://www.tripadvisor.com/Restaurant_Review-g293995-d7817860-Reviews-Chorisia_Lounge-Riyadh_Riyadh_Province.html,Restaurant and Cafe,"tea, coffee, elegant, relaxing",Cafe,Expensive," Al Hada, Riyadh"
Riyadh ,COYA,Vibrant Peruvian restaurant with contemporary dishes and lively Latin American spirit.,https://maps.app.goo.gl/HcVD7a6ffThkKQcF9,https://www.instagram.com/coyariyadh/?hl=en,Restaurant,"fine-dining, upscale, celebration",American,Expensive," Prince Abdulaziz Ibn Musaid Ibn Jalawi St, As Sulimaniyah Riyadh"
Riyadh ,Crispish,Trendy fried chicken joint known for crisp flavors and modern street-style vibes.,https://maps.app.goo.gl/NEyh53xgCbNqu5h77,https://www.instagram.com/crispishsa/?hl=en,Restaurant,"fried-chicken, street-food, groups, busy",American,Cheap,"Al Takhassousi, Al Mohammadiyyah, Riyadh "
Riyadh ,Dank,Street-food style burgers and sandwiches with bold flavors and a casual attitude.,"https://www.google.com/maps/place/%D8%AF%D8%A7%D9%86%D9%83+%D8%B3%D8%A7%D9%86%D8%AF%D9%88%D8%AA%D8%B4+%7C+Dank+Sandwich%E2%80%AD/@24.8227556,46.6509931,790m/data=!3m2!1e3!4b1!4m6!3m5!1s0x3e2ee5164c2d467b:0xdc37f7e909ba76af!8m2!3d24.8227556!4d46.653568!16s%2Fg%2F11krglyfz5!5m1!1e1?entry=ttu&g_ep=EgoyMDI1MDEyMC4wIKXMDSoASAFQAw%3D%3D",https://dank.sa/en/main/,Restaurant,"sandwiches,groups, busy",American,Cheap," Al Takhassousi, Ar Rahmaniyyah, Riyadh "
Riyadh ,Durma,"A modern café and restaurant in Riyadh serving breakfast, specialty coffee, desserts, and light meals in a cozy atmosphere.",https://maps.app.goo.gl/vPme2Up1LZ5ArfBu8,https://www.instagram.com/durma.sa/?hl=en,Cafe,"ice-cream, quiet, grooups",Cafe,Mid-range,"Prince Abdulaziz Ibn Musaid Ibn Jalawi St, Riyadh "
Riyadh,El Camino,"Modern Mexican eatery offering tacos, ceviche, and Latin-inspired cocktails.",https://maps.app.goo.gl/tnbAEmcT5YmoV58HA,https://www.instagram.com/elcamino.ksa/?hl=en,Restaurant,"tacos, casual, groups",Mexican,Mid-range," Al Aqiq, Riyadh "
Riyadh ,Em Sherif Café,Elegant Lebanese resturant with traditional flavors served in a refined modern space.,https://maps.app.goo.gl/P7skZnCwFePt8etZ9,https://www.instagram.com/emsherifcafe/,Restaurant and Cafe,"middel-eastern,elegant, busy, family-friendly",Lebannese,Mid-range,"Al Takhassousi, Al Mohammadiyyah, Riyadh "
Riyadh ,Flamingo Room by tashas,Elegant seafood restaurant inspired by African glamour in Diriyah.,https://maps.app.goo.gl/338281zHqCUKem9aA,https://www.instagram.com/flamingoroomksa/,Restaurant,"seafood, fine-dining, luxury, quiet",African,Expensive,"King Faisal Rd3205, Al Bujairi, Diriyah "
Riyadh ,Green Mill,Sourdough bakery and café known for its artisanal pastries and rustic atmosphere.,https://maps.app.goo.gl/iYSk9MUPGZMCbjge6,https://www.instagram.com/greenmill.sa/,Restaurant and Cafe,"sourdough, rustic, quiet",Bakery,Cheap,"Anas Ibn Malik Rd, Alyasmin, Riyadh "
Riyadh ,Gymkhana,Upscale Indian dining with a Michelin-starred London concept at Via Riyadh.,https://maps.app.goo.gl/ixRBqPX1ohu4nTuA7,https://www.instagram.com/gymkhana.sa/,Restaurant,"cosy, gruops, masala",Indian,Expensive,", Al Hada, Riyadh "
Riyadh ,Il Baretto,"Italian restaurant in KAFD serving refined classics in a stylish, modern interior.",https://maps.app.goo.gl/pVNw879hW9Y4Myo1A,https://www.instagram.com/ilbarettosa/?hl=en,Restaurant,"pasta,modern, lively",Indian,Expensive," KAFD, Riyadh"
Riyadh ,Jon & Vinny’s,Californian-style pizzeria offering Italian-American dishes in a casual vibe.,https://maps.app.goo.gl/hbNWMT5odSwahY8S8,https://www.instagram.com/jonandvinnys.ksa/?hl=en,Restaurant,"pizza, matcha, groups, busy","Italian,American",Mid-range,"Turki Ibn Abdullah Al Saud, As Sulimaniyah, Riyadh "
Riyadh ,JW Steakhouse,Premium meats and international flavors in a polished setting at JW Marriott.,https://maps.app.goo.gl/oNzTyDh3u5RXnjSKA,https://www.instagram.com/jwsteakhouseriyadh/,Restaurant,"business-meetings, quiet",Steakhouse,Expensive,"King Fahd Rd, As Sahafah, Riyadh"
Riyadh ,Kayu Bakehouse,Artisan French patisserie offering elegant desserts in a boutique café ambiance.,https://maps.app.goo.gl/za1Y5Wtq1RcDETrk8,https://www.instagram.com/trykayu/?hl=en,Restaurant and Cafe,"sweets, cosy, quiet",Bakery,Cheap,"Al Dabab street, As Sulimaniyah, Riyadh "
Riyadh ,Kitchen on 3,Middle Eastern dishes and global fare served in a relaxed hotel dining room.,https://maps.app.goo.gl/X3r61m63XWMLL1uq6,https://www.marriott.com/en-us/dining/restaurant-bar/ruhjb-jw-marriott-hotel-riyadh/6846150-kitchen-on-3.mi,Restaurant,"international, family-friendly",Buffet,Mid-range,"District, King Fahad Road, Sahafah, Riyadh"
Riyadh ,Kumar,Contemporary Indian restaurant with warm service and traditional decor in Riyadh Park.,"https://www.google.com/maps/place/Kumar+Restaurant+Riyadh/@24.7558952,46.6292931,17z/data=!4m17!1m10!3m9!1s0x3e2ee367a5f065cf:0xee57e1a311dfab21!2sKumar+Restaurant+Riyadh!8m2!3d24.7558952!4d46.6292931!10e5!14m1!1BCgIgARICEAE!16s%2Fg%2F11h0g_jcyl!3m5!1s0x3e2ee367a5f065cf:0xee57e1a311dfab21!8m2!3d24.7558952!4d46.6292931!16s%2Fg%2F11h0g_jcyl?entry=ttu&g_ep=EgoyMDI1MDExNS4wIKXMDSoASAFQAw%3D%3D",https://www.instagram.com/kumar__ksa/?hl=en,Restaurant,"flavorful, casual, quiet",Indian,Mid-range,"Al Aqiq, Riyadh Park Mall, Gate2, Riyadh"
Riyadh ,La Brasserie,All-day buffet restaurant offering global cuisine in a luxurious setting at MO.,https://maps.app.goo.gl/f8UMv5PiYqagqMhh8,https://www.instagram.com/labrasserieruh/?hl=ar,Restaurant and Cafe,"international, family-friendly, luxury, hotel-dining",Buffet,Expensive,"King Fahd Rd, Al Olaya, Riyadh"
Riyadh ,La Petite Maison Riyadh,French Mediterranean cuisine with elegance and fine service in Al Olaya.,https://maps.app.goo.gl/VcGowhuE3Rhyt9aM9,https://www.instagram.com/lpmriyadh,Restaurant,"fine-dining, upscale, elegant, quiet",French,Expensive,"Al Motassem Street, Al Olaya, Riyadh "
Riyadh ,Long Chim,Michelin-star Thai street food concept blending tradition and modern style.,https://maps.app.goo.gl/byUb4RmxpW6U1szN7,https://www.instagram.com/longchimksa/,Restaurant,"asian, gruops, lively",Thai,Expensive,"Ad Diriyah, Riyadh "
Riyadh ,MAMO Michelangelo,Southern French and Italian fusion in a refined atmosphere.,https://maps.app.goo.gl/9gbRPBeLPfP6nhdP7,https://www.instagram.com/mamomichelangeloksa/?hl=en,Restaurant and Cafe,"quiet, late-night, cosy, trendy",Italian,Expensive,"King Fahd Rd, Al Olaya, Riyadh "
Riyadh ,Meez The House,Modern Middle Eastern eatery with homegrown ingredients and cozy vibes.,https://maps.app.goo.gl/eZcEpcCbfns9qTdn9,https://www.instagram.com/meezstreet/?hl=en,Restaurant,"family-friendly, middel-eastern, cozy, casual","Saudi,Arabic",Mid-range,"Hittin, Riyadh"
Riyadh ,Memos,"Neapolitan-style pizzas served in a chic, wood-accented space with lively energy.",https://maps.app.goo.gl/i71NdE7eFxTB3QLu7,https://www.instagram.com/memos.ksa?utm_source=ig_web_button_share_sheet&igsh=ZDNlZDc0MzIxNw==,Restaurant and Cafe,"pizza, neapolitan, casual, family-friendly",Italian,Mid-range,"Al Arjun, Riyadh"
Riyadh ,Mr. Chow,Classic Beijing-style Chinese with elegant service and a glamorous ambiance.,https://maps.app.goo.gl/ouVc9H19fFWN4YNw6,https://www.instagram.com/mrchowriyadh/?hl=en,Restaurant,"fine-dining, lobster, chicken, duck, upscale",Chinese,Expensive,"Metro Blvd, Al Aqiq, Riyadh"
Riyadh ,Nakhati Gelato,Local artisanal gelato brand known for handcrafted regional flavors.,https://maps.app.goo.gl/AZ2AfxvPqsrWFD7q6,https://www.instagram.com/nakhati.ksa/?hl=en,Cafe,"gelato, ice-cream, desseert, coffee, cozy, casual",Cafe,Cheap,"King Faisal Rd، Bujairi Terrace, Riyadh "
Riyadh ,Namq,24-hour café with a stylish interior serving specialty coffee and fresh desserts.,"https://www.google.com/maps/place/Namq+cafe/@24.8076603,46.465346,25297m/data=!3m1!1e3!4m10!1m2!2m1!1sNamq!3m6!1s0x3e2ee52e9c6656bb:0x649539b72bb6761b!8m2!3d24.8076603!4d46.6177813!15sCgROYW1xWgYiBG5hbXGSAQtjb2ZmZWVfc2hvcOABAA!16s%2Fg%2F11ll7q7078!5m1!1e1?entry=ttu&g_ep=EgoyMDI1MDEyMC4wIKXMDSoASAFQAw%3D%3D",https://www.instagram.com/namq_cafe/,Cafe,"coffee, dessert, cozy, trendy, groups",Cafe,Cheap,"Anas Ibn Malik Rd, Al Malqa, Riyadh "
Riyadh ,Nashville’s,Authentic Nashville hot chicken with fiery sauces and American diner vibe.,https://maps.app.goo.gl/8rG1TCvF43X13TLPA,https://www.instagram.com/nashvilles.sa?igsh=MWdyYTVwaHdpb2lsdg%3D%3D,Restaurant,"hot-chicken, fried-chicken, casual, busy, groups",American,Cheap,Salah Ad Din Al Ayyub Riyadh 
Riyadh ,Noho Deli,New York style sandwiches and in-house cooked meats in a colorful deli setting.,"https://www.google.com/maps/place/Noho+Deli/@24.7798478,46.6136974,791m/data=!3m2!1e3!4b1!4m6!3m5!1s0x3e2ee30042cbfc2b:0xaf9a0dd2bf230da!8m2!3d24.7798478!4d46.6162723!16s%2Fg%2F11vm4nb79b!5m1!1e1?entry=ttu&g_ep=EgoyMDI1MDEyMC4wIKXMDSoASAFQAw%3D%3D",https://www.instagram.com/nohodeli/,Restaurant,"sandwiches,groups, busy,lunch,dinner,groups",American,Cheap,"Prince Turki Ibn Abdulaziz Al Awwal Rd, Al Aqiq, Riyadh "
Riyadh ,Porterhouse,Upscale Saudi steakhouse with lively ambiance and top-quality meats.,https://maps.app.goo.gl/SipNh81rWTpceE3c9,https://www.instagram.com/porterhouse_ksa?utm_source=ig_web_button_share_sheet&igsh=ZDNlZDc0MzIxNw==,Restaurant,"steakhouse,premium-steak, grill, cozy, quiet, trendy, lunch, dinner",American,Expensive,"Prince Muhammad Ibn Abd Al Aziz, Al Olaya, Riyadh "
Riyadh ,Pronto,"Quick, healthy Italian meals served in a cozy setting with calorie-conscious options.",https://maps.app.goo.gl/4ZXAJ7jVP3u7rW1r6,https://www.instagram.com/pronto.saa/?hl=en,Restaurant,"pasta,casual, lively, cozy, groups",Italian,Cheap,"Al Takhassousi, Al Mohammadiyyah, Riyadh "
Riyadh ,ROKA,Contemporary Japanese robatayaki with sleek design and flavorful grilled dishes.,https://maps.app.goo.gl/mKjgmWkPxUvF8SBM8,https://www.instagram.com/rokarestaurant.ksa/,Restaurant,"fine-dining, sushi, lively, busy",Japanese,Expensive," Prince Muhammad Ibn Abd Al Aziz, As Sulimaniyah, Riyadh"
Riyadh ,RUHI Indian Cuisine,Southern Indian flavors with a fine-dining twist in a magical setting.,"https://www.google.com/maps/place/RUHI+Indian+Cuisine/@24.7110425,46.6730548,3165m/data=!3m1!1e3!4m10!1m2!2m1!1sRUHI+Indian+Cuisine!3m6!1s0x3e2f036a4ef05c71:0xfce186680a7e9cd6!8m2!3d24.7111837!4d46.673401!15sChNSVUhJIEluZGlhbiBDdWlzaW5lWhUiE3J1aGkgaW5kaWFuIGN1aXNpbmWSARFpbmRpYW5fcmVzdGF1cmFudOABAA!16s%2Fg%2F11wntxnstp?entry=ttu&g_ep=EgoyMDI1MDExNS4wIKXMDSoASAFQAw%3D%3D",https://ruhi.com.sa/,Restaurant,"quiet, cozy, dinner, lunch,groups",Indian,Mid-range,"Kingdom Centre, Olaya St, Al Olaya, Riyadh "
Riyadh ,Rüya,Anatolian cuisine in a stylish space showcasing bold Turkish flavors.,https://maps.app.goo.gl/ZccansjT2G9ANGeZ9,https://www.instagram.com/ruya_riyadh,Restaurant,"brunch, lunch, dinner, upmarket, quiet",Turkish,Expensive,"Prince Muhammad Ibn Abd Al Aziz, As Sulimaniyah, Riyadh "
Riyadh ,Sadelle’s,"New York brunch spot with bagels, French toast, and a festive atmosphere.",https://maps.app.goo.gl/zqY3xuWgSARSqRAD9,https://www.instagram.com/sadellesriyadh/?hl=en,Restaurant and Cafe,"brunch,breakfast, bagels, bakery, quiet, cozy","American,Italian",Expensive,"Prince Mohammed Ibn Salman Ibn Abdulaziz Rd, Ar Rabi, Riyadh "
Riyadh ,SCRMY,"Chic café offering artisan coffee, baked goods, and light breakfast bites.","https://www.google.com/maps/place/SCRMY/@24.7787862,46.6144066,791m/data=!3m2!1e3!4b1!4m6!3m5!1s0x3e2ee334b3ced5c9:0xc4e692bd4b2ff480!8m2!3d24.7787862!4d46.6169815!16s%2Fg%2F11sct5f2yk!5m1!1e1?entry=ttu&g_ep=EgoyMDI1MDIwNS4xIKXMDSoJLDEwMjExMjMzSAFQAw%3D%3D",https://www.instagram.com/scrmy.sa/,Cafe,"breakfast, coffee, quiet",Cafe,Cheap," Prince Muhammad Ibn Saad Ibn Abdulaziz Rd, Al Aqiq, Riyadh"
Riyadh ,Sculpture Café,Minimalist specialty coffee shop awarded Best café Riyadh 2024.,https://maps.app.goo.gl/Cs6potjbhN7kBJo19,https://www.instagram.com/sculpture.sa?utm_source=ig_web_button_share_sheet&igsh=ZDNlZDc0MzIxNw==,Cafe,"breakfast, brunch, dessert, quiet, casual, cozy",Cafe,Cheap," Al Bahr Al Moutaousset, Al Aqiq, Riyadh "
Riyadh ,Section-B,Craft burger joint with bold customization in an industrial urban setting.,https://maps.app.goo.gl/TQgrRJMxo6c92Ut37,https://www.instagram.com/sectionb_sa,Restaurant,"burgers, lunch, dinner, busy, casual, groups",American,Mid-range," Turki Alawwal St., Riyadh"
Riyadh ,Shababïk,Middle Eastern fusion dishes served in a modern yet cozy environment.,https://maps.app.goo.gl/6RLShP7gr9KBbYRc6,https://www.instagram.com/shababikksa/?hl=en,Restaurant,"middel-eastren, modern, cozy, family-friendly, quiet",Lebannese,Mid-range,"Prince Abdulaziz Ibn Musaid Ibn Jalawi St, As Sulimaniyah, Riyadh"
Riyadh ,Sign,"A popular burger restaurant in Riyadh serving fresh beef and chicken burgers, crispy fries, and signature sauces in a modern casual setting.",https://maps.app.goo.gl/PF832JwgSmMXjqrX8,https://www.instagram.com/signsa_/?hl=en,Restaurant,"burgers, fries, busy, groups,ice-cream, trendy, family-friendly",American,Cheap,"Anas Ibn Malik Rd, Alyasmin, Riyadh "
Riyadh ,Smokey Beards Q,Smoked meat BBQ with hearty portions and a rustic Southern ambiance.,https://maps.app.goo.gl/2g3HWgkQ4YUhX5jF8,https://www.instagram.com/smokeybeardsq?utm_source=ig_web_button_share_sheet&igsh=ZDNlZDc0MzIxNw==,Restaurant,"burgers, lunch, dinner, busy, casual, groups",BBQ,Mid-range,"Prince Muhammad Ibn Saad Ibn Abdulaziz Rd, Hittin, Riyadh "
Riyadh ,Sociale Café,Modern café offering specialty coffee and small bites in a relaxed space.,https://maps.app.goo.gl/XPXVXahRT631r2Bt8,https://www.instagram.com/sociale.cafe/?hl=en,Restaurant and Cafe,"coffee, relaxed, busy, breakfast, lunch, casual","American,French",Cheap,"Prince Muhammad Ibn Abd Al Aziz, As Sulimaniyah, Riyadh "
Riyadh ,Sukkly,"Dessert café known for waffles, crepes, and creative sweet presentations.",https://maps.app.goo.gl/9Rj3N8EVpKXqU1wL6,https://www.instagram.com/sukkly_sa?utm_source=ig_web_button_share_sheet&igsh=ZDNlZDc0MzIxNw==,Cafe,"ice-cream, quiet, groups, cozy, family-friendly",Cafe,Cheap,"Back Yard by RJ7, King Abdul Aziz Branch Rd, Alyasmin, Riyadh "
Riyadh ,Susam,Global fusion café with a refined design and focus on high-quality ingredients.,https://maps.app.goo.gl/cNbqCB1HYcsf1xdG9,https://www.instagram.com/susam_sa?utm_source=ig_web_button_share_sheet&igsh=ZDNlZDc0MzIxNw==,Cafe,"dessert, breakfast, coffee, casual, cozy, quiet",Cafe,Mid-range,"Al Imam Saud Ibn Faysal Rd, Al Malqa, Riyadh"
Riyadh ,TATEL,Luxurious Spanish dining with live entertainment and Mediterranean flavors.,https://maps.app.goo.gl/vk9hTvi36kN5huh48,https://www.instagram.com/tatel.riyadh?igsh=eThrbHB0aDlyNG5x,Restaurant,"cozy, trendy, groups, dessert, lunch, dinner",Spanish,Expensive,"King Faisal Rd, Al Bujairi,  Riyadh "
Riyadh ,Yauatcha,Contemporary Chinese dim sum house blending patisserie with fine dining.,https://maps.app.goo.gl/gp1pruXbu8iTma846,https://www.instagram.com/yauatchariyadh/?hl=en,Restaurant,"lunch, dinner, coffee, cozy, trendy, quiet",Chinese,Expensive,"Prince Sultan Bin Abdulaziz Rd, Al Olaya, Riyadh "
Riyadh ,Social Cafe & Roastery,"A modern café and roastery in Riyadh serving specialty coffee, breakfast dishes, light meals, and desserts in a relaxed setting",https://maps.app.goo.gl/iYtcj1Q8WijT643b8,https://www.instagram.com/socialcafe.sa/?hl=en,Cafe,"Roastery ,Cosy,Quiet,Trendy,Tourists,Toilet,Fireplace,Dine-in",cafe,Expensive," Al Takhassousi, Al Mohammadiyyah, Riyadh "
Riyadh ,AGRIO,"AGRIO is a specialty coffee café in Riyadh known for its high-quality coffee, cozy atmosphere, and a selection of delicious desserts and pastries.",https://maps.app.goo.gl/7xRrr3LfBaNxcJnx8,https://www.instagram.com/agrio.sa/,Cafe,"Dine-in,Cosy,study,sweet,dessert,new,trend",cafe,Mid-range,"Sumatra Street, Al Yasmin District, Riyadh."
Riyadh ,"OR ELSE,","Or Else Café is a specialty coffee café in Riyadh known for its high-quality coffee, stylish atmosphere, and a selection of desserts and pastries, making it a great spot for coffee lovers and casual meetups.",https://maps.app.goo.gl/UPLUN838VEzVn35e6,https://www.instagram.com/orelse.sa/?hl=ar,Cafe,"working on lapto,study,Dessert,
Quiet",cafe,Mid-range,"Al Quds, Riyadh"
Riyadh ,Blumen ,"Blumen Café is a specialty coffee café in Riyadh known for its elegant atmosphere, high-quality coffee, and a variety of desserts and pastries, making it a popular spot for relaxing and casual gatherings.",https://maps.app.goo.gl/9eNt9y3qah5Pjyfq8,https://www.instagram.com/blumen.coffee/,Cafe,"Family,quit,sweet,dessert,frindes",cafe,Cheap,"Prince Muhammad Ibn Abd Al Aziz, Al، Tahlia, Riyadh"
Riyadh,billionaire,"A luxury fine-dining restaurant in Riyadh that offers international cuisine, live entertainment, and an upscale dining experience",https://maps.google.com/?q=Billionaire+Riyadh,https://www.instagram.com/billionaireriyadh/,Restaurant,"luxury-dining, fine-dining, nightlife, dinner, international",italian,Expensive,Dab Ab St.Sulaimaniya
Riyadh,public,"A modern Italian restaurant in Riyadh known for serving pizza, pasta, and contemporary Italian dishes in a lively and stylish dining atmosphere","https://maps.google.com/?q=Public+Restaurant+Riyadh , https://maps.app.goo.gl/KHWVu8eSyPvdL1Gp6?g_st=ic",https://www.instagram.com/public.ksa/  ,Restaurant,"pizza, pasta, casual dining, modern restaurant",italian,mid-range,"Prince Abdulaziz Ibn Musaid Ibn Jalawi St, As Sulimaniyah AND Al Safarat"
Riyadh ,Al Falamanki,Traditional Lebanese dining experience in a sensory family environment,https://maps.app.goo.gl/k9vDLFKusrWkf2xFA,https://www.instagram.com/alfalamankiriyadh/,Restaurant,"Family, Outdoor seating, Traditional",Lebanese,Mid-range,"Malga, AIN Square - Imam Saud Bin Faysal Road, Riyadh"
Riyadh ,DG Caffe,Luxury fashion-branded cafe featuring golden mosaic decor,https://maps.app.goo.gl/Hwduwe8QqnPGgRcW6,https://www.diriyah.sa/en/dine/dg-caffe,Cafe,"Luxury, Social hub, Iconic design",International,Expensive,"Al-Faisaliah District, Al-Bujairi, Riyadh"
Riyadh ,Mama Noura,Famous casual institution serving top-rated shawarma and fresh juices.,https://maps.app.goo.gl/F2pzvpeduCGwiVGUA,https://www.instagram.com/mamanouraksa/,Restaurant,"Family, Quick bite, Buzzy",Middle Eastern,Cheap,"King Abdulaziz Rd, Riyadh"
Riyadh ,Kayzo by Myazu,Vibrant contemporary Japanese dining with a lively atmosphere,https://maps.app.goo.gl/UwWy1gTzEE1rQ8Pz5,https://myazu.com/,Restaurant,"Trendy, Seafood, Social",Japanese,Expensive,"Musaed Bin Jalawi, As Sulimaniyah, Riyadh"
Riyadh ,Maison Assouline,Intimate French dining set within a luxury boutique library,https://maps.app.goo.gl/DP9EwLJR47y5YEiQ9,https://www.assouline.com/,Restaurant and Cafe,"Quiet, Study, Artistic, Library",French/Mediterranean,Expensive,"King Faisal Road, Al Bujairi, Riyadh"
Riyadh,Alsaudi,"A traditional institution founded in 1994, known for its consistent quality in Mandi, Madfoun, and Kabsa.",https://maps.app.goo.gl/cXyZicUXTgkNPbLT7,https://www.instagram.com/alsaudi_sa,Restaurant,"Mandi, Traditional, Local-favorite, Heritage",Saudi,Mid-range,"Al Ammariyah, Al Sulaimaniah, Riyadh"
Riyadh,Dr Kabsa,A casual neighborhood favorite specializing in chicken madfoon and traditional kabsa varieties.,https://maps.app.goo.gl/4fPpoM3YZFNrzG5Q7,https://www.instagram.com/dr_kabsa,Restaurant,"Kabsa, Madfoon, Casual, Takeaway",Saudi,Cheap,"As Suwaidi Al Am, As Suwaidi, Riyadh"
Riyadh ,Jackie Restaurant,American brasserie with Mediterranean warmth and chic design,https://maps.app.goo.gl/JivLuugS1KnTQinA6,https://www.menudelite.io/restaurants/290/menu,Restaurant,"Upscale, Quiet, Iconic Design",French,Expensive,"Makkah Al Mukarramah Rd, Al Hada, Riyadh"
Riyadh ,Benoit,Authentic French bistro under the direction of Alain Ducasse,https://maps.app.goo.gl/MA9Cqqxh7dxdnfgDA,https://benoit-riyadh.com/,Restaurant,"French, Business dinner, Quiet",French,Expensive,"Al-Aqeeq, Riyadh"
Riyadh,Café Boulud,French classics blended with subtle Middle Eastern flavors,https://maps.app.goo.gl/cK9FDwQujCfhNTLo7?g_st=ic,https://www.fourseasons.com/riyadh/dining/restaurants/cafe-boulud/,Restaurant,"Luxury, View, Brunch, French",French,Expensive,"Kingdom Centre, Olaya St,
Al Olaya, Riyadh"
Riyadh,Gymkhana,Award-winning contemporary Indian cuisine from London,https://maps.app.goo.gl/no6WSPnXxTri9RXE7,https://coolinc.com.sa/wp-content/uploads/2025/12/ALC-and-Tasting-menu-.pdf,Restaurant,"Award-winning, Groups, Social",Indian,Expensive,"Makkah Al-Mukarramah Branch Road, Al Hada, Riyadh"
Ryiadh ,Phet Phet,Spicy Thai street food in a minimalist neon-accented space,"https://www.google.com/maps/place/Phet+Phet/@24.7386969,46.6486514,841m/data=!3m2!1e3!4b1!4m6!3m5!1s0x3e2ee3003c918361:0xc48682ab440b1095!8m2!3d24.7386969!4d46.6460765!16s%2Fg%2F11ltvqz4zh!5m1!1e1?entry=ttu&g_ep=EgoyMDI2MDMyNC4wIKXMDSoASAFQAw%3D%3D",Qlub_ | Menu,Restaurant,"Trendy, Spicy, Youthful",Thai,Mid-range,"Takhassusi Branch Rd, Riyadh"
Riyadh,HAI Coffee & Roasters,"HAI Coffee & Roasters is a specialty coffee shop in Riyadh known for high-quality coffee, handcrafted drinks, and a cozy atmosphere.",https://maps.app.goo.gl/GSvWdVB7L9fjn1Hn6,https://www.instagram.com/find.hai/,Cafe,"Family,quit,sweet,dessert,frindes",Cafe,Mid-range,"Ibn Khaldun, Ar Rawdah, Riyadh"
Riyadh,lucia,"a cozy café that offers a variety of coffee drinks, desserts, snacks, and freshly baked pastries.",https://maps.app.goo.gl/pnb8mtZKVvBHBjJr5,https://www.instagram.com/lucia__ksa/,Cafe,"Roasters,Great coffee,Quiet",Cafe,Cheap,"Khurais Rd, Ar Rawdah, Riyadh"
Riyadh,sica,"a specialty coffee café known for its modern design and high-quality coffee. It stands out for its carefully selected coffee beans, creative signature drinks, and stylish atmosphere that makes it a popular spot for coffee lovers and social gatherings.",https://maps.app.goo.gl/T4hxJMkw1VaG3o6t5,https://www.instagram.com/sicacoffee.sa/,Cafe,"modern cafe, signature drinks, stylish interior, desserts, pastries, social spot",Cafe,Cheap,"Ash Shaikh Umar Ibn Salim, Ar Rayyan, Riyadh "
Riyadh,bab,"known for its delicious cheesecake, which is one of the most popular items on the menu. The café also offers a variety of coffee drinks in a cozy atmosphere",https://maps.app.goo.gl/otRtWGfEEPmpncSh6,https://www.instagram.com/bab.ksa/?hl=en,Cafe,"cheesecake, desserts, cozy cafe, pastries, sweet treats",Cafe,Cheap,"Juwairiyah Bint Al Harith, Al Mohammadiyyah, Riyadh"
Riyadh,Shml,"opular spot for tourists in Riyadh, offering specialty coffee, delicious desserts, and a cozy atmosphere perfect for relaxing or enjoying a coffee break",https://maps.app.goo.gl/WjGiZserbvGVCz4v8,https://www.instagram.com/shml.ksa/,Cafe,"tourist friendly, cozy cafe, desserts, pastries, relaxing spot, coffee break, Riyadh café",Cafe,Mid-range,"Shaikh Abdullah Ibn Jabreen St, Al Qirawan, Riyadh"
Riyadh,Burger Hunch,"popular burger restaurant in Riyadh known for its juicy burgers, flavorful sauces, and casual dining atmosphere, making it a great spot for burger lovers.",https://maps.app.goo.gl/nurHLLWLpTLvzXVZ8,https://www.instagram.com/burger_hunch_sa/?hl=en,Restaurant,"burgers, fast food, casual dining, juicy burgers, sauces, popular spot",Fast food American,Cheap,"Anas Ibn Malik Rd, Al Malqa, Riyadh "
Riyadh,Copo,"known for serving a variety of international dishes in a modern and stylish atmosphere, making it a popular dining spot in the area.",https://maps.app.goo.gl/VNHWnHatPNWtszxG6,https://www.instagram.com/copoksa/,Restaurant,"international cuisine, Al Olaya, casual dining, popular spot,food",International,Mid-range," Olaya St, Al Olaya, Riyadh "
Riyadh,WARMASHA,popular spot in Riyadh known for serving delicious shawarma with a variety of flavors and sauces in a casual and fast-food style setting.,https://maps.app.goo.gl/HNwWNjV19C5KjtN1A,https://www.instagram.com/warmasha.sa/,Restaurant,"shawarma, middle eastern food, fast food, casual dining, street food",Middle Eastern Food,Cheap,"Alsail Alkabeer St, Al Ghadir, Riyadh "
Riyadh,The Door,"casual restaurant in Granada, Riyadh, known for its tasty burgers and comfort food. It is a popular spot for quick meals with friends, offering flavorful burgers, fries, and a relaxed dining atmosphere.",https://maps.app.goo.gl/ifxDfSkiKus4g5er7,https://www.instagram.com/thedoorksa/,Restaurant,"burgers, fast food, casual dining, comfort food, fries, popular spot",Fast Food,Mid-range,"Abi Jafar Al Mansour St, Ghirnatah, Riyadh "
Riyadh,Beit Omar,"a restaurant in Riyadh that serves traditional Middle Eastern dishes in a warm and welcoming atmosphere, offering a variety of grilled meals and authentic flavors.",https://maps.app.goo.gl/CHv8nNGVE33Pq8oW8,https://www.instagram.com/beit_omar/,Restaurant,"middle eastern food, grills, traditional cuisine, family restaurant, authentic food",Middle Eastern Cuisine,Cheap," Uthman Ibn Affan, Riyadh "
Riyadh,Picture Cafe Riyadh,"Picture Cafe is a trendy café in Riyadh known for its aesthetic interior, specialty coffee, and photogenic desserts, making it a popular spot for social gatherings and Instagram-worthy moments.","https://www.google.com/maps/place/PICTURE+Cafe+%7C+%D8%A8%D9%83%D8%AA%D8%B4%D8%B1+%D9%83%D8%A7%D9%81%D9%8A%D9%87%E2%80%AD/@24.78692,46.7682106,17z/data=!3m1!4b1!4m6!3m5!1s0x3e2eff003bdb792b:0x1c19601929a11e31!8m2!3d24.78692!4d46.7682106!16s%2Fg%2F11ymkv6668?hl=en&entry=ttu&g_ep=EgoyMDI2MDMxNy4wIKXMDSoASAFQAw%3D%3D",https://www.tiktok.com/@picture.cafe?_r=1&_t=ZS-959Y2DbHtIq,Cafe,"coffee, cafe, desserts, aesthetic, instagrammable, trendy",Cafe,Mid-range,"Al Cheikh Hasan Ibn Hussein Ibn Ali،  Riyadh "
Riyadh,Inner Circle Riyadh,"Inner Circle is a trendy café in Riyadh known for its specialty coffee, stylish interior, and vibrant atmosphere, making it a popular destination for social gatherings and casual hangouts.","https://www.google.com/maps/place/INNER.CIRCLE/@24.7515377,46.6376394,17z/data=!3m1!4b1!4m6!3m5!1s0x3e2ee3fc7fc67cc9:0x7537a917a4826693!8m2!3d24.7515377!4d46.6402143!16s%2Fg%2F11r70_r3xw?hl=en&entry=ttu&g_ep=EgoyMDI2MDMyNC4wIKXMDSoASAFQAw%3D%3D",https://www.instagram.com/innercircle.saudi/,Cafe,"coffee, specialty coffee, cafe, trendy, modern, social, hangout, instagrammable",Cafe,Mid-range,"Al Takhassousi, An Nakheel, Riyadh "
Riyadh,MAQ Cafe Riyadh,MAQ Cafe is a modern specialty coffee café in Riyadh offering high-quality brews and a calm environment ideal for studying and meetings.,"https://www.google.com/maps/place/%D9%83%D9%88%D9%81%D9%8A+%D9%85%D8%A7%D9%82+%7C+MAQ+Caf%C3%A9%E2%80%AD/@24.8187798,46.7825287,17z/data=!3m1!4b1!4m6!3m5!1s0x3e2eff0052ff014f:0x303641d408e212a!8m2!3d24.8187798!4d46.7825287!16s%2Fg%2F11mlgzl3pj?hl=en&entry=ttu&g_ep=EgoyMDI2MDMyNC4wIKXMDSoASAFQAw%3D%3D",https://www.tiktok.com/@maq_cafee,Cafe,"coffee, specialty coffee, quiet, study, modern",Cafe,Mid-range,"Dammam Branch Rd, Al Munsiyah, Riyadh "
Riyadh,Chic Cafe Riyadh,"Chic Cafe is a stylish café in Riyadh offering specialty coffee, desserts, and a modern ambiance perfect for casual visits.","https://www.google.com/maps/place/Chic/@24.7337914,46.6961475,17z/data=!3m1!4b1!4m6!3m5!1s0x3e2f03e2eb9bc43b:0x5fa2b8076ad98e11!8m2!3d24.7337914!4d46.6961475!16s%2Fg%2F11y0ptfs74?hl=en&entry=ttu&g_ep=EgoyMDI2MDMyNC4wIKXMDSoASAFQAw%3D%3D",https://www.instagram.com/chiccafe.sa/,Cafe,"coffee, specialty coffee, cafe, desserts, modern, trendy, instagrammable, hangout, aesthetic",Cafe,Mid-range,"Prince Nasir Ibn Farhan Al Saud, King Salman Neighborhood, Riyadh "
Riyadh,Nuviq Cafe Riyadh,Nuviq Cafe is a contemporary café in Riyadh known for its specialty coffee and modern atmosphere with a selection of desserts and drinks.,"https://www.google.com/maps/place/Nuviq/@24.8842811,46.6156025,17z/data=!3m1!4b1!4m6!3m5!1s0x3e2eef00132abf35:0xfefc153732828303!8m2!3d24.8842811!4d46.6181774!16s%2Fg%2F11zk4jhx1d?hl=en&entry=ttu&g_ep=EgoyMDI2MDMyNC4wIKXMDSoASAFQAw%3D%3D",https://www.tiktok.com/@nuviq.sa,Cafe,"coffee, specialty coffee, cafe, modern, desserts",Cafe,Mid-range,"Al Arid, North Riyadh"
Riyadh,Jadeel Restaurant Riyadh,"Jadeel Cafe is a modern Saudi-inspired café in Riyadh offering specialty coffee, traditional flavors with a contemporary twist, and a cozy atmosphere for casual gatherings.","https://www.google.com/maps/place/Jadeel+Coffee/@24.7624194,46.7472305,17z/data=!3m1!4b1!4m6!3m5!1s0x3e2f01e486664c39:0xb8aa9103728f8033!8m2!3d24.7624194!4d46.7498054!16s%2Fg%2F11l6m73wzm?hl=en&entry=ttu&g_ep=EgoyMDI2MDMyNC4wIKXMDSoASAFQAw%3D%3D",https://www.instagram.com/jadeel.sa/,Cafe,"coffee, specialty coffee, saudi cafe, traditional flavors, modern, cozy",Cafe,Mid-range,"Al Quds, East Riyadh"
Riyadh,ABSLT Cafe Riyadh,"ABSLT Cafe is a modern café in Riyadh offering specialty coffee, minimalist design, and a relaxed environment for coffee lovers.","https://www.google.com/maps/place/ABSLT+Coffee/@24.7238899,46.7610606,17z/data=!3m1!4b1!4m6!3m5!1s0x3e2f01562224a8d7:0x520789955a60db3b!8m2!3d24.7238899!4d46.7610606!16s%2Fg%2F11ywt9q5d4?hl=en&entry=ttu&g_ep=EgoyMDI2MDMyNC4wIKXMDSoASAFQAw%3D%3D",https://www.instagram.com/absltcoffee/,Cafe,"coffee, specialty coffee, minimalist, modern, cafe",Cafe,Mid-range,"Ibn Khaldun, Ar Rawdah, Riyadh "
Riyadh,White Flame Restaurant Riyadh,White Flame is a contemporary restaurant in Riyadh offering a mix of international cuisine in a stylish and upscale setting.,"https://www.google.com/maps/place/White+Flame/@24.8246077,46.6578745,17z/data=!3m1!4b1!4m6!3m5!1s0x3e2ee55695176099:0xedcff44edd5bcde0!8m2!3d24.8246077!4d46.6578745!16s%2Fg%2F11v18lfl80?hl=en&entry=ttu&g_ep=EgoyMDI2MDMyNC4wIKXMDSoASAFQAw%3D%3D",https://www.instagram.com/whiteflamesa/,Restaurant,"international cuisine, dining, modern, upscale",Italian,Expensive,"Alyasmin, Riyadh "
Riyadh,LPM Restaurant,LPM is a renowned French Mediterranean restaurant in Riyadh offering refined dishes and an elegant fine dining experience.,"https://www.google.com/maps/place/La+Petite+Maison+(LPM)+Riyadh/@24.6907541,46.6841285,17z/data=!3m1!4b1!4m6!3m5!1s0x3e2f0322c0a4e4e7:0x7592db56102acf91!8m2!3d24.6907541!4d46.6841285!16s%2Fg%2F11n6rs7q3j?hl=en&entry=ttu&g_ep=EgoyMDI2MDMyNC4wIKXMDSoASAFQAw%3D%3D",https://www.mandarinoriental.com/ar-ae/riyadh/olaya/dine/lpm-restaurant-and-cafe,Restaurant,"french, mediterranean, fine dining, luxury, upscale",French Mediterranean,Expensive,"Al Motassem Street, Al Olaya, Riyadh "
Riyadh,Villa Fayrouz Riyadh,Villa Fayrouz is a Lebanese restaurant in Riyadh offering authentic Middle Eastern cuisine in a cozy and elegant atmosphere.,"https://www.google.com/maps/place/Villa+Fayrouz/@24.7012529,46.6763632,17z/data=!3m1!4b1!4m6!3m5!1s0x3e2f03f0f5357327:0xa81bf31b980e815f!8m2!3d24.7012529!4d46.6763632!16s%2Fg%2F11t4b73zlz?hl=en&entry=ttu&g_ep=EgoyMDI2MDMyNC4wIKXMDSoASAFQAw%3D%3D",https://www.villafayrouz.sa/,Restaurant,"lebanese, middle eastern, traditional, dining",Lebanese,Expensive,"King Fahd Branch Rd, Al Olaya, Riyadh "
Riyadh,Half Million ,A popular Saudi coffee shop known for its high-quality specialty coffee and minimalist modern design.,https://maps.app.goo.gl/ghFBYSmFnBNDjzuA8,https://www.instagram.com/halfmillion_sa?igsh=MzRlODBiNWFlZA==,Cafe,"coffee, specialty coffee, minimalist, trendy, casual",Cafe,Cheap," Prince Bandar ibn Abdul Aziz Street, King Faisal Dt., Riyadh "
Riyadh,Urth Caffe," A stylish cafe offering organic coffee, desserts, and brunch in a cozy upscale atmosphere.",https://maps.app.goo.gl/AzwNVR93FxqjDgdB6,https://www.instagram.com/urthcaffe,Cafe,"coffee, brunch, desserts, organic, cozy",Cafe,Mid-range," Prince Turki bin Abdulaziz Al Awwal, Al Malqa, Riyadh "
Riyadh,EL&N London,"A trendy cafe known for its pink decor, sweets, and drinks",https://maps.app.goo.gl/e17jsXrpaxWQXFam7,https://www.instagram.com/elan_cafe?igsh=MzRlODBiNWFlZA==,Cafe,"desserts, coffee, aesthetic, trendy",Cafe,Mid-range,"boulevard city, Hittin, Riyadh "
Riyadh,Camel Step,A well-known Saudi specialty coffee brand offering premium coffee in a calm modern environment.,https://maps.app.goo.gl/G1jfWaEHhysUgot47,https://www.instagram.com/camelstep,Cafe,"coffee, specialty coffee, minimalist, local brand, calm",Cafe,Mid-range,"Al Malqa, Abdullatif bin Abdulmalik Al Shaikh , Riyadh "
Riyadh,Al Sadda,A traditional Saudi restaurant offering authentic local dishes in a classic setting.,https://maps.app.goo.gl/cmR2s8qSA52j5Heu7,https://www.instagram.com/alsadda_restaurant,Restaurant,"saudi food, traditional, family, meals, local flavors",Saudi,Mid-range,"Khalid Ibn Al Walid St, Al Quds, Riyadh "
Riyadh,Parkers,"offering a wide variety of Italian and American dishes. It’s especially famous for its iconic Matilda cake, making it a must-visit for both food and dessert lovers.",https://maps.app.goo.gl/bRsM8D6sC2TPmc4V9?g_st=ic,https://www.instagram.com/parkers.ksa?igsh=MzRlODBiNWFlZA==,Restaurant and Cafe,"italian food, american food, desserts, cafe, trendy, famous cake","American,Italian",Expensive," Al Idrisi, Al Safarat, Riyadh "
Riyadh,Easy Bakery,"A charming bakery filled with the smell of fresh pastries and warm bread, perfect for a sweet breakfast or a quick treat.",https://maps.app.goo.gl/9AEjVtkzUxoGEcEW7?g_st=ic,https://www.instagram.com/easybakery.sa?igsh=MzRlODBiNWFlZA==,Cafe,"pastries, desserts, bread, breakfast, cozy",Bakery,Mid-range,"King Abdullah Branch Rd, An Nuzhah, Riyadh "
Riyadh,Chilis,"An American casual dining restaurant known for burgers, ribs, and Tex-Mex dishes.","https://maps.google.com?q=Chili's,%203781%20Prince%20Muhammad%20Ibn%20Abd%20Al%20Aziz,%20As%20Sulimaniyah,%20Riyadh%2012223&ftid=0x3e2f030e523d1885:0x7bd612c7d0e03a62&entry=gps&shh=CAE&lucs=,94297699,94231188,94280568,47071704,94218641,94282134,94286869&g_st=ic",https://www.instagram.com/chilis?igsh=MzRlODBiNWFlZA==,Restaurant,"american food, burgers, casual dining, family, meals",American,Mid-range," Prince Muhammad Ibn Abd Al Aziz, As Sulimaniyah, Riyadh "
Riyadh,Lazy Cat,"Trendy café and restaurant by Kuwaiti chef Ahmad Al Zamel, known for fluffy Japanese pancakes, brunch dishes, sandwiches, desserts, and specialty coffee in a cozy, stylish setting.",https://maps.app.goo.gl/NGgNuyiSezDGWMdG6?g_st=ic,https://www.instagram.com/eatlazycat?igsh=MzRlODBiNWFlZA==,Restaurant and Cafe,"brunch, pancakes, japanese pancakes, desserts, coffee, specialty coffee, sandwiches, breakfast","Brunch,Cafe",Expensive,"Laysen Valley, Umm Al Hamam Al Gharbi, Riyadh "
Riyadh,JOE & THE JUICE  ,"Popular café known for fresh sandwiches like spicy tuna and halloumi, along with healthy juices, protein shakes such as Power Shake, and specialty drinks in a modern, casual setting.",https://maps.app.goo.gl/gPKVkcAgfjE9gTzw8?g_st=ic,https://www.instagram.com/joeandthejuiceksa?igsh=MzRlODBiNWFlZA==,Cafe,"sandwiches, healthy, juices, protein shakes, coffee, spicy tuna, halloumi, casual, modern, quick bites,",Healthy,Mid-range,"King Fahd Rd, KAFD, Northen ring, Riyadh "
Riyadh, ARCHI,"Trendy café offering sandwiches, fresh juices, desserts, and specialty coffee, known for French toast, acai bowls, and a variety of refreshing drinks in a modern and casual setting.",https://maps.app.goo.gl/8HX7wzGvy6MWn8LB8?g_st=ic,https://www.instagram.com/archi.saudi?igsh=MzRlODBiNWFlZA==,Cafe,"sandwiches, desserts, french toast, acai, coffee, specialty coffee, juices, iced drinks, matcha, breakfast, brunch, trendy, casual, sweets",Cafe,Mid-range,"Roshn, King Khalid International Airport, Riyadh "
Riyadh,So matcha,"Matcha-focused café offering a variety of matcha drinks, desserts like cakes and tiramisu, along with coffee and specialty beverages in a cozy, aesthetic setting.",https://maps.app.goo.gl/mifmw7DWuKgo42iNA?g_st=ic,https://www.instagram.com/somatcha.me?igsh=MzRlODBiNWFlZA==,Cafe,"matcha, matcha drinks, desserts, tiramisu, cakes, coffee, specialty drinks, sweet, cozy",Cafe,Mid-range,"King Salman Neighborhood, Riyadh"
Riyadh,NAC,"Trendy café and restaurant known for desserts like warm cookies with ice cream, along with breakfast dishes, pasta, and specialty coffee in a stylish and lively setting.",https://maps.app.goo.gl/qMjmq4dmqEKfbtjE7?g_st=ic,https://www.instagram.com/nacriyadh?igsh=MzRlODBiNWFlZA==,Restaurant and Cafe,"desserts, cookies, ice cream, french toast, breakfast, pasta, coffee, specialty coffee, sweets, trendy, lively, casual dining, brunch","American,Italian",Expensive,"King Khalid Rd, Umm Al Hamam Al Gharbi, Riyadh "
Riyadh,Cipriani ,"An upscale Italian fine dining restaurant offering classic dishes like pasta, risotto, and signature desserts in an elegant and luxurious setting. Perfect for special occasions, business dinners, and a refined dining experience.",https://maps.app.goo.gl/CtQSXtghS3FPwo9V8?g_st=ic,https://www.instagram.com/ciprianiriyadh?igsh=MzRlODBiNWFlZA==,Restaurant,"italian, fine dining, luxury, restaurant, pasta, elegant, upscale, dining, romantic, classic",Italian,Expensive," Prince Turki Ibn Abdulaziz Al Awwal Rd, Hittin, Riyadh "
Riyadh,Lunch Room  ,"A trendy brunch restaurant offering a variety of breakfast dishes, baked goods, and specialty coffee in a cozy and stylish setting, perfect for morning outings and casual gatherings.",https://maps.app.goo.gl/ePymQNjy7QHHXqXq5?g_st=ic,https://www.instagram.com/lunchroomksa?igsh=MzRlODBiNWFlZA==,Restaurant,"brunch, breakfast, bakery, coffee, pastries, specialty coffee, cozy, casual, trendy, social","Brunch,Bakery",Mid-range," Takhassusi Branch Road, Riyadh  "
Riyadh,Pizza Bar IOI,"A modern pizza spot serving freshly made Italian-style pizzas with high-quality ingredients in a trendy and casual setting. Perfect for quick bites, casual dining, and hanging out with friends.",https://maps.app.goo.gl/DkNPCzdJeVzHxfkS6?g_st=ic,https://www.instagram.com/pizzabar.restaurant?igsh=MzRlODBiNWFlZA==,Restaurant,"pizza, italian, casual dining, restaurant, friends, quick bites, trendy, indoor, dining, social",Italian,Mid-range,"Prince Sultan Bin Abdulaziz Rd, As Sulimaniyah, Riyadh"
Riyadh,P.F. Chang's,"A popular Asian fusion restaurant offering a mix of Chinese-inspired dishes, noodles, rice, and signature flavors in a modern and stylish setting. Perfect for family dining and casual gatherings.",https://maps.app.goo.gl/6FsZJZvqQfrCrNPi8?g_st=ic,https://www.instagram.com/pfchangsme?igsh=MzRlODBiNWFlZA==,Restaurant,"asian, chinese, fusion, noodles, rice, casual dining, family, restaurant, dining, popular",Asian,Mid-range,"Sidra Mall, Ghirnatah, Riyadh 13241"
Riyadh,The Cheesecake Factory ,"A well-known American restaurant offering a wide variety of dishes, from burgers and pasta to its famous cheesecakes, in a lively and comfortable dining atmosphere. Perfect for families and casual dining.",https://maps.app.goo.gl/kYoJNcYfwRehLfiv5?g_st=ic,https://www.instagram.com/cheesecakefactory?igsh=MzRlODBiNWFlZA==,Restaurant,"american, burgers, pasta, cheesecake, desserts, casual dining, family, restaurant, dining, popular",American,Mid-range,"Sidra Mall, Ghirnatah, Riyadh 13241"
,,,,,,,,,
,,,,,,,,,
,,,,,,,,,
,,,,,,,,,
,,,,,,,,,
,,,,,,,,,
,,,,,,,,,
,,,,,,,,,
,,,,,,,,,
,,,,,,,,,
,,,,,,,,,
,,,,,,,,,
,,,,,,,,,
,,,,,,,,,
,,,,,,,,,
,,,,,,,,,
,,,,,,,,,
,,,,,,,,,
,,,,,,,,,
,,,,,,,,,
,,,,,,,,,
,,,,,,,,,
,,,,,,,,,
,,,,,,,,,
,,,,,,,,,
,,,,,,,,,
,,,,,,,,,
,,,,,,,,,
,,,,,,,,,
,,,,,,,,,
,,,,,,,,,
,,,,,,,,,
,,,,,,,,,
,,,,,,,,,
,,,,,,,,,
,,,,,,,,,
,,,,,,,,,
,,,,,,,,,
,,,,,,,,,
,,,,,,,,,
,,,,,,,,,
,,,,,,,,,
,,,,,,,,,
,,,,,,,,,
,,,,,,,,,
,,,,,,,,,
,,,,,,,,,
,,,,,,,,,
,,,,,,,,,
,,,,,,,,,
,,,,,,,,,
,,,,,,,,,
,,,,,,,,,
,,,,,,,,,
,,,,,,,,,
,,,,,,,,,
,,,,,,,,,
,,,,,,,,,
,,,,,,,,,
,,,,,,,,,
,,,,,,,,,
,,,,,,,,,
,,,,,,,,,
,,,,,,,,,
,,,,,,,,,
,,,,,,,,,
,,,,,,,,,
,,,,,,,,,
,,,,,,,,,
,,,,,,,,,
,,,,,,,,,
,,,,,,,,,
,,,,,,,,,
,,,,,,,,,
,,,,,,,,,
,,,,,,,,,
,,,,,,,,,
,,,,,,,,,
,,,,,,,,,
,,,,,,,,,
,,,,,,,,,
,,,,,,,,,
,,,,,,,,,
,,,,,,,,,
,,,,,,,,,
,,,,,,,,,
,,,,,,,,,
,,,,,,,,,
,,,,,,,,,
,,,,,,,,,
,,,,,,,,,
,,,,,,,,,
,,,,,,,,,
,,,,,,,,,
,,,,,,,,,
,,,,,,,,,
,,,,,,,,,
,,,,,,,,,
,,,,,,,,,
,,,,,,,,,
,,,,,,,,,
,,,,,,,,,
,,,,,,,,,
,,,,,,,,,
,,,,,,,,,
,,,,,,,,,
,,,,,,,,,
,,,,,,,,,
,,,,,,,,,
,,,,,,,,,
,,,,,,,,,
,,,,,,,,,
,,,,,,,,,
,,,,,,,,,
,,,,,,,,,
,,,,,,,,,
,,,,,,,,,
,,,,,,,,,
,,,,,,,,,
,,,,,,,,,
,,,,,,,,,
,,,,,,,,,
,,,,,,,,,
,,,,,,,,,
,,,,,,,,,
,,,,,,,,,
,,,,,,,,,
,,,,,,,,,
,,,,,,,,,
,,,,,,,,,
,,,,,,,,,
,,,,,,,,,
,,,,,,,,,
,,,,,,,,,
,,,,,,,,,
,,,,,,,,,
,,,,,,,,,
,,,,,,,,,
,,,,,,,,,
,,,,,,,,,
,,,,,,,,,
,,,,,,,,,
,,,,,,,,,
,,,,,,,,,
,,,,,,,,,
,,,,,,,,,
,,,,,,,,,
,,,,,,,,,
,,,,,,,,,
,,,,,,,,,
,,,,,,,,,
,,,,,,,,,
,,,,,,,,,
,,,,,,,,,
,,,,,,,,,
,,,,,,,,,
,,,,,,,,,
,,,,,,,,,
,,,,,,,,,
,,,,,,,,,
,,,,,,,,,
,,,,,,,,,
,,,,,,,,,
,,,,,,,,,
,,,,,,,,,
,,,,,,,,,
,,,,,,,,,
,,,,,,,,,
,,,,,,,,,
,,,,,,,,,
,,,,,,,,,
,,,,,,,,,
,,,,,,,,,
,,,,,,,,,
,,,,,,,,,
,,,,,,,,,
,,,,,,,,,
,,,,,,,,,
,,,,,,,,,
,,,,,,,,,
,,,,,,,,,
,,,,,,,,,
,,,,,,,,,
,,,,,,,,,
,,,,,,,,,
,,,,,,,,,
,,,,,,,,,
,,,,,,,,,
,,,,,,,,,
,,,,,,,,,
,,,,,,,,,
,,,,,,,,,
,,,,,,,,,
,,,,,,,,,
,,,,,,,,,
,,,,,,,,,
,,,,,,,,,
,,,,,,,,,
,,,,,,,,,
,,,,,,,,,
,,,,,,,,,
,,,,,,,,,
,,,,,,,,,
,,,,,,,,,
,,,,,,,,,
,,,,,,,,,
,,,,,,,,,
,,,,,,,,,
,,,,,,,,,
,,,,,,,,,
,,,,,,,,,
,,,,,,,,,
,,,,,,,,,
,,,,,,,,,
,,,,,,,,,
,,,,,,,,,
,,,,,,,,,
,,,,,,,,,
,,,,,,,,,
,,,,,,,,,
,,,,,,,,,
,,,,,,,,,
,,,,,,,,,
,,,,,,,,,
,,,,,,,,,
,,,,,,,,,
,,,,,,,,,
,,,,,,,,,
,,,,,,,,,
,,,,,,,,,
,,,,,,,,,
,,,,,,,,,
,,,,,,,,,
,,,,,,,,,
,,,,,,,,,
,,,,,,,,,
,,,,,,,,,
,,,,,,,,,
,,,,,,,,,
,,,,,,,,,
,,,,,,,,,
,,,,,,,,,
,,,,,,,,,
,,,,,,,,,
,,,,,,,,,
,,,,,,,,,
,,,,,,,,,
,,,,,,,,,
,,,,,,,,,
,,,,,,,,,
,,,,,,,,,
,,,,,,,,,
,,,,,,,,,
,,,,,,,,,
,,,,,,,,,
,,,,,,,,,
,,,,,,,,,
,,,,,,,,,
,,,,,,,,,
,,,,,,,,,
,,,,,,,,,
,,,,,,,,,
,,,,,,,,,
,,,,,,,,,
,,,,,,,,,
,,,,,,,,,
,,,,,,,,,
,,,,,,,,,
,,,,,,,,,
,,,,,,,,,
,,,,,,,,,
,,,,,,,,,
,,,,,,,,,
,,,,,,,,,
,,,,,,,,,
,,,,,,,,,
,,,,,,,,,
,,,,,,,,,
,,,,,,,,,
,,,,,,,,,
,,,,,,,,,
,,,,,,,,,
,,,,,,,,,
,,,,,,,,,
,,,,,,,,,
,,,,,,,,,
,,,,,,,,,
,,,,,,,,,
,,,,,,,,,
,,,,,,,,,
,,,,,,,,,
,,,,,,,,,
,,,,,,,,,
,,,,,,,,,
,,,,,,,,,
,,,,,,,,,
,,,,,,,,,
,,,,,,,,,
,,,,,,,,,
,,,,,,,,,
,,,,,,,,,
,,,,,,,,,
,,,,,,,,,
,,,,,,,,,
,,,,,,,,,
,,,,,,,,,
,,,,,,,,,
,,,,,,,,,
,,,,,,,,,
,,,,,,,,,
,,,,,,,,,
,,,,,,,,,
,,,,,,,,,
,,,,,,,,,
,,,,,,,,,
,,,,,,,,,
,,,,,,,,,
,,,,,,,,,
,,,,,,,,,
,,,,,,,,,
,,,,,,,,,
,,,,,,,,,
,,,,,,,,,
,,,,,,,,,
,,,,,,,,,
,,,,,,,,,
,,,,,,,,,
,,,,,,,,,
,,,,,,,,,
,,,,,,,,,
,,,,,,,,,
,,,,,,,,,
,,,,,,,,,
,,,,,,,,,
,,,,,,,,,
,,,,,,,,,
,,,,,,,,,
,,,,,,,,,
,,,,,,,,,
,,,,,,,,,
,,,,,,,,,
,,,,,,,,,
,,,,,,,,,
,,,,,,,,,
,,,,,,,,,
,,,,,,,,,
,,,,,,,,,
,,,,,,,,,
,,,,,,,,,
,,,,,,,,,
,,,,,,,,,
,,,,,,,,,
,,,,,,,,,
,,,,,,,,,
,,,,,,,,,
,,,,,,,,,
,,,,,,,,,
,,,,,,,,,
,,,,,,,,,
,,,,,,,,,
,,,,,,,,,
,,,,,,,,,
,,,,,,,,,
,,,,,,,,,
,,,,,,,,,
,,,,,,,,,
,,,,,,,,,
,,,,,,,,,
,,,,,,,,,
,,,,,,,,,
,,,,,,,,,
,,,,,,,,,
,,,,,,,,,
,,,,,,,,,
,,,,,,,,,
,,,,,,,,,
,,,,,,,,,
,,,,,,,,,
,,,,,,,,,
,,,,,,,,,
,,,,,,,,,
,,,,,,,,,
,,,,,,,,,
,,,,,,,,,
,,,,,,,,,
,,,,,,,,,
,,,,,,,,,
,,,,,,,,,
,,,,,,,,,
,,,,,,,,,
,,,,,,,,,
,,,,,,,,,
,,,,,,,,,
,,,,,,,,,
,,,,,,,,,
,,,,,,,,,
,,,,,,,,,
,,,,,,,,,
,,,,,,,,,
,,,,,,,,,
,,,,,,,,,
,,,,,,,,,
,,,,,,,,,
,,,,,,,,,
,,,,,,,,,
,,,,,,,,,
,,,,,,,,,
,,,,,,,,,
,,,,,,,,,
,,,,,,,,,
,,,,,,,,,
,,,,,,,,,
,,,,,,,,,
,,,,,,,,,
,,,,,,,,,
,,,,,,,,,
,,,,,,,,,
,,,,,,,,,
,,,,,,,,,
,,,,,,,,,
,,,,,,,,,
,,,,,,,,,
,,,,,,,,,
,,,,,,,,,
,,,,,,,,,
,,,,,,,,,
,,,,,,,,,
,,,,,,,,,
,,,,,,,,,
,,,,,,,,,
,,,,,,,,,
,,,,,,,,,
,,,,,,,,,
,,,,,,,,,
,,,,,,,,,
,,,,,,,,,
,,,,,,,,,
,,,,,,,,,
,,,,,,,,,
,,,,,,,,,
,,,,,,,,,
,,,,,,,,,
,,,,,,,,,
,,,,,,,,,
,,,,,,,,,
,,,,,,,,,
,,,,,,,,,
,,,,,,,,,
,,,,,,,,,
,,,,,,,,,
,,,,,,,,,
,,,,,,,,,
,,,,,,,,,
,,,,,,,,,
,,,,,,,,,
,,,,,,,,,
,,,,,,,,,
,,,,,,,,,
,,,,,,,,,
,,,,,,,,,
,,,,,,,,,
,,,,,,,,,
,,,,,,,,,
,,,,,,,,,
,,,,,,,,,
,,,,,,,,,
,,,,,,,,,
,,,,,,,,,
,,,,,,,,,
,,,,,,,,,
,,,,,,,,,
,,,,,,,,,
,,,,,,,,,
,,,,,,,,,
,,,,,,,,,
,,,,,,,,,
,,,,,,,,,
,,,,,,,,,
,,,,,,,,,
,,,,,,,,,
,,,,,,,,,
,,,,,,,,,
,,,,,,,,,
,,,,,,,,,
,,,,,,,,,
,,,,,,,,,
,,,,,,,,,
,,,,,,,,,
,,,,,,,,,
,,,,,,,,,
,,,,,,,,,
,,,,,,,,,
,,,,,,,,,
,,,,,,,,,
,,,,,,,,,
,,,,,,,,,
,,,,,,,,,
,,,,,,,,,
,,,,,,,,,
,,,,,,,,,
,,,,,,,,,
,,,,,,,,,
,,,,,,,,,
,,,,,,,,,
,,,,,,,,,
,,,,,,,,,
,,,,,,,,,
,,,,,,,,,
,,,,,,,,,
,,,,,,,,,
,,,,,,,,,
,,,,,,,,,
,,,,,,,,,
,,,,,,,,,
,,,,,,,,,
,,,,,,,,,
,,,,,,,,,
,,,,,,,,,
,,,,,,,,,
,,,,,,,,,
,,,,,,,,,
,,,,,,,,,
,,,,,,,,,
,,,,,,,,,
,,,,,,,,,
,,,,,,,,,
,,,,,,,,,
,,,,,,,,,
,,,,,,,,,
,,,,,,,,,
,,,,,,,,,
,,,,,,,,,
,,,,,,,,,
,,,,,,,,,
,,,,,,,,,
,,,,,,,,,
,,,,,,,,,
,,,,,,,,,
,,,,,,,,,
,,,,,,,,,
,,,,,,,,,
,,,,,,,,,
,,,,,,,,,
,,,,,,,,,
,,,,,,,,,
,,,,,,,,,
,,,,,,,,,
,,,,,,,,,
,,,,,,,,,
,,,,,,,,,
,,,,,,,,,
,,,,,,,,,
,,,,,,,,,
,,,,,,,,,
,,,,,,,,,
,,,,,,,,,
,,,,,,,,,
,,,,,,,,,
,,,,,,,,,
,,,,,,,,,
,,,,,,,,,
,,,,,,,,,
,,,,,,,,,
,,,,,,,,,
,,,,,,,,,
,,,,,,,,,
,,,,,,,,,
,,,,,,,,,
,,,,,,,,,
,,,,,,,,,
,,,,,,,,,
,,,,,,,,,
,,,,,,,,,
,,,,,,,,,
,,,,,,,,,
,,,,,,,,,
,,,,,,,,,
,,,,,,,,,
,,,,,,,,,
,,,,,,,,,
,,,,,,,,,
,,,,,,,,,
,,,,,,,,,
,,,,,,,,,
,,,,,,,,,
,,,,,,,,,
,,,,,,,,,
,,,,,,,,,
,,,,,,,,,
,,,,,,,,,
,,,,,,,,,
,,,,,,,,,
,,,,,,,,,
,,,,,,,,,
,,,,,,,,,
,,,,,,,,,
,,,,,,,,,
,,,,,,,,,
,,,,,,,,,
,,,,,,,,,
,,,,,,,,,
,,,,,,,,,
,,,,,,,,,
,,,,,,,,,
,,,,,,,,,
,,,,,,,,,
,,,,,,,,,
,,,,,,,,,
,,,,,,,,,
,,,,,,,,,
,,,,,,,,,
,,,,,,,,,
,,,,,,,,,
,,,,,,,,,
,,,,,,,,,
,,,,,,,,,
,,,,,,,,,
,,,,,,,,,
,,,,,,,,,
,,,,,,,,,
,,,,,,,,,
,,,,,,,,,
,,,,,,,,,
,,,,,,,,,
,,,,,,,,,
,,,,,,,,,
,,,,,,,,,
,,,,,,,,,
,,,,,,,,,
,,,,,,,,,
,,,,,,,,,
,,,,,,,,,
,,,,,,,,,
,,,,,,,,,
,,,,,,,,,
,,,,,,,,,
,,,,,,,,,
,,,,,,,,,
,,,,,,,,,
,,,,,,,,,
,,,,,,,,,
,,,,,,,,,
,,,,,,,,,
,,,,,,,,,
,,,,,,,,,
,,,,,,,,,
,,,,,,,,,
,,,,,,,,,
,,,,,,,,,
,,,,,,,,,
,,,,,,,,,
,,,,,,,,,
,,,,,,,,,
,,,,,,,,,
,,,,,,,,,
,,,,,,,,,
,,,,,,,,,
,,,,,,,,,
,,,,,,,,,
,,,,,,,,,
,,,,,,,,,
,,,,,,,,,
,,,,,,,,,
,,,,,,,,,
,,,,,,,,,
,,,,,,,,,
,,,,,,,,,
,,,,,,,,,
,,,,,,,,,
,,,,,,,,,
,,,,,,,,,
,,,,,,,,,
,,,,,,,,,
,,,,,,,,,
,,,,,,,,,
,,,,,,,,,
,,,,,,,,,
,,,,,,,,,
,,,,,,,,,
,,,,,,,,,
,,,,,,,,,
,,,,,,,,,
,,,,,,,,,
,,,,,,,,,
,,,,,,,,,
,,,,,,,,,
,,,,,,,,,
,,,,,,,,,
,,,,,,,,,
,,,,,,,,,
,,,,,,,,,
,,,,,,,,,
,,,,,,,,,
,,,,,,,,,
,,,,,,,,,
,,,,,,,,,
,,,,,,,,,
,,,,,,,,,
,,,,,,,,,
,,,,,,,,,
,,,,,,,,,
,,,,,,,,,
,,,,,,,,,
,,,,,,,,,
,,,,,,,,,
,,,,,,,,,
,,,,,,,,,
,,,,,,,,,
,,,,,,,,,
,,,,,,,,,
,,,,,,,,,
,,,,,,,,,
,,,,,,,,,
,,,,,,,,,
,,,,,,,,,
,,,,,,,,,
,,,,,,,,,
,,,,,,,,,
,,,,,,,,,
,,,,,,,,,
,,,,,,,,,
,,,,,,,,,
,,,,,,,,,
,,,,,,,,,
,,,,,,,,,
,,,,,,,,,
,,,,,,,,,
,,,,,,,,,
,,,,,,,,,
,,,,,,,,,
,,,,,,,,,
,,,,,,,,,
,,,,,,,,,
,,,,,,,,,
,,,,,,,,,
,,,,,,,,,
,,,,,,,,,
,,,,,,,,,
,,,,,,,,,
,,,,,,,,,
,,,,,,,,,
,,,,,,,,,
,,,,,,,,,
,,,,,,,,,
,,,,,,,,,
,,,,,,,,,
,,,,,,,,,
,,,,,,,,,
,,,,,,,,,
,,,,,,,,,
,,,,,,,,,
,,,,,,,,,
,,,,,,,,,
,,,,,,,,,
,,,,,,,,,
,,,,,,,,,
,,,,,,,,,
,,,,,,,,,
,,,,,,,,,
,,,,,,,,,
,,,,,,,,,
,,,,,,,,,
,,,,,,,,,
,,,,,,,,,
,,,,,,,,,
,,,,,,,,,
,,,,,,,,,
,,,,,,,,,
,,,,,,,,,
,,,,,,,,,
,,,,,,,,,
,,,,,,,,,
,,,,,,,,,
,,,,,,,,,
,,,,,,,,,
,,,,,,,,,
,,,,,,,,,
,,,,,,,,,
,,,,,,,,,
,,,,,,,,,
,,,,,,,,,
,,,,,,,,,
,,,,,,,,,
,,,,,,,,,
,,,,,,,,,
,,,,,,,,,
,,,,,,,,,
,,,,,,,,,
,,,,,,,,,
,,,,,,,,,
,,,,,,,,,
,,,,,,,,,
,,,,,,,,,
,,,,,,,,,
,,,,,,,,,
,,,,,,,,,
,,,,,,,,,
,,,,,,,,,
,,,,,,,,,
,,,,,,,,,
,,,,,,,,,
,,,,,,,,,
,,,,,,,,,
,,,,,,,,,
,,,,,,,,,
,,,,,,,,,
,,,,,,,,,
,,,,,,,,,
,,,,,,,,,
,,,,,,,,,
,,,,,,,,,
,,,,,,,,,
,,,,,,,,,
,,,,,,,,,
,,,,,,,,,
,,,,,,,,,
,,,,,,,,,
,,,,,,,,,
,,,,,,,,,
,,,,,,,,,
,,,,,,,,,
,,,,,,,,,
,,,,,,,,,
,,,,,,,,,
,,,,,,,,,
,,,,,,,,,
,,,,,,,,,
,,,,,,,,,
,,,,,,,,,
,,,,,,,,,
,,,,,,,,,
,,,,,,,,,
,,,,,,,,,
,,,,,,,,,
,,,,,,,,,
,,,,,,,,,
,,,,,,,,,
,,,,,,,,,
,,,,,,,,,
,,,,,,,,,
,,,,,,,,,
,,,,,,,,,
,,,,,,,,,
,,,,,,,,,
,,,,,,,,,
,,,,,,,,,
,,,,,,,,,
,,,,,,,,,
,,,,,,,,,
,,,,,,,,,
,,,,,,,,,
,,,,,,,,,
,,,,,,,,,
,,,,,,,,,
,,,,,,,,,
,,,,,,,,,
,,,,,,,,,
,,,,,,,,,
,,,,,,,,,
,,,,,,,,,
,,,,,,,,,
,,,,,,,,,
,,,,,,,,,
,,,,,,,,,
,,,,,,,,,
,,,,,,,,,
,,,,,,,,,
,,,,,,,,,
,,,,,,,,,
,,,,,,,,,
